Name,Email,Age
ravi,ravi@gmail.com,27
kapil,kapil@gmail.com,25
nidhi,nidhi@gmail.com,22
ravi,ravi@gmail.com,27
kapil,kapil@gmail.com,25
nidhi,nidhi@gmail.com,22
ravi,ravi@gmail.com,27
kapil,kapil@gmail.com,25
nidhi,nidhi@gmail.com,22
ravi,ravi@gmail.com,27
kapil,kapil@gmail.com,25
nidhi,nidhi@gmail.com,22
ravi,ravi@gmail.com,27
kapil,kapil@gmail.com,25
nidhi,nidhi@gmail.com,22
ravi,ravi@gmail.com,27
kapil,kapil@gmail.com,25
nidhi,nidhi@gmail.com,22
ravi,ravi@gmail.com,27
kapil,kapil@gmail.com,25
nidhi,nidhi@gmail.com,22
ravi,ravi@gmail.com,27
kapil,kapil@gmail.com,25
nidhi,nidhi@gmail.com,22
ravi,ravi@gmail.com,27
kapil,kapil@gmail.com,25
nidhi,nidhi@gmail.com,22
ravi,ravi@gmail.com,27
kapil,kapil@gmail.com,25
nidhi,nidhi@gmail.com,22
ravi,ravi@gmail.com,27
kapil,kapil@gmail.com,25
nidhi,nidhi@gmail.com,22
